fit_time,score_time,test_precision_macro,test_recall_macro,test_f1
0.004690,0.147405,0.89,0.87,0.89
0.541296,0.006399,0.94,0.94,0.94
1.566599,0.011001,0.94,0.94,0.94
0.035200,0.005200,0.94,0.94,0.94
0.438996,0.022606,0.94,0.94,0.94
0.897200,0.017999,0.95,0.95,0.95
0.011599,0.007799,0.87,0.83,0.86
0.017296,0.009899,0.87,0.85,0.87
0.014500,0.006999,0.80,0.79,0.83
1.948596,0.208397,0.64,0.60,0.70
0.407196,0.016515,0.83,0.81,0.83
0.135089,0.010315,0.63,0.52,0.68
0.636794,0.027105,0.77,0.72,0.77
